queries_top10_pipe,url,title,clicks_total,first_seen_utc,last_seen_utc,new_flag
棲み分け 意味|棲み分け|住み分け|棲み分けとは|すみわけ|すみ分け|棲み分け 住み分け|すみわけとは|住み分け 意味|住み分けとは,https://digi-mado.jp/article/61952/,,1202,2025-10-15T07:58:02.101Z,2025-10-17T21:04:24.839Z,
coursera|coursera とは|cousera|courseraとは|コーセラ|こーせら|coursera 料金|corsera|coursera 無料|ｃｏｕｒｓｅｒａ,https://digi-mado.jp/article/90334/,,404,2025-10-15T07:58:02.101Z,2025-10-17T21:04:24.839Z,
写真から文字起こし|写真 文字起こし|写真 テキスト化 iphone|iphone ocr テキスト化|写真 文字 読み取り iphone|iphone 写真から文字起こし|写真 文字起こし iphone|iphone 写真 テキスト化|写真の文字起こし|iphone スキャン 文字起こし,https://digi-mado.jp/article/62683/,,335,2025-10-15T07:58:02.101Z,2025-10-17T21:04:24.839Z,
統括|統括とは|統括とは 役職|統括マネージャーとは|総括とは|役職 統括|統括 役職|総括とは 役職|総括 役職|統括マネージャー,https://digi-mado.jp/article/61802/,,331,2025-10-15T07:58:02.101Z,2025-10-17T21:04:24.839Z,
ネットワーク監視 フリーソフト|ネットワーク調査 フリーソフト|ネットワーク監視ツール|windows 監視ツール フリー|ネットワークモニター フリーソフト|snmp 監視ツール フリー|ネットワーク監視|死活監視 フリーソフト|ipアドレス管理ツール フリー|pc監視ツール フリー,https://digi-mado.jp/article/97352/,,280,2025-10-15T07:58:02.101Z,2025-10-17T21:04:24.839Z,
cad フリーソフト|cad 無料|cadソフト 無料|無料 cad|キャド 無料|cad ソフト|cadソフト|無料cadソフト|図面 ソフト 無料|cad 無料ダウンロード,https://digi-mado.jp/article/98901/,,251,2025-10-15T07:58:02.101Z,2025-10-17T21:04:24.839Z,
セーフモード解除方法 windows10|pc セーフモード 解除|windows セーフモード 解除|パソコン セーフモード 解除|セーフモード解除方法|windows10 セーフモード 解除|セーフモードから戻す|セーフモード 終了|セーフモード解除|セーフモード解除 パソコン,https://digi-mado.jp/article/61345/,,245,2025-10-15T07:58:02.101Z,2025-10-17T21:04:24.839Z,
ウイルスバスター 必要か|ウィルスバスター 必要か|android ウイルスバスター 必要か|スマホにウイルスバスターは必要か|ウイルスバスター スマホ 必要か|スマホ ウイルスバスター 必要か|トレンドマイクロ 必要か|ウイルスバスターモバイル 必要か|スマホ ウイルスバスター 必要性|トレンドツールバー 必要か,https://digi-mado.jp/article/60884/,,188,2025-10-15T07:58:02.101Z,2025-10-17T21:04:24.839Z,
ヒートマップ 株|株 ヒートマップ|日本株 ヒートマップ|株 ヒートマップ 無料|株価 ヒートマップ|finviz 日本株|株 ヒートマップ おすすめ|株価ヒートマップ|finviz 日本版|ヒートマップ 米国株,https://digi-mado.jp/article/95156/,,157,2025-10-15T07:58:02.101Z,2025-10-17T21:04:24.839Z,
vpn wifi|wi-fi vpnとは|vpn wifi 違い|vpn wi-fi|vpn ワイファイ|wifi vpnとは|vpnとwifiの違い|wifi vpn|wi-fi vpn|vpn接続 wifi,https://digi-mado.jp/article/64128/,,153,2025-10-15T07:58:02.101Z,2025-10-17T21:04:24.839Z,
報告|報告 連絡 違い|報告 連絡 相談 違い|報告と連絡の違い|報告と相談の違い|報告 相談 違い|連絡と報告の違い|報告連絡相談 違い|報告と連絡と相談の違い|報告連絡相談,https://digi-mado.jp/article/64624/,,151,2025-10-15T07:58:02.101Z,2025-10-17T21:04:24.839Z,
パソコン オフィス必要か|office 必要か|オフィスソフト 必要か|microsoft office 必要か|office 必要性|オフィス|パソコン オフィス 必要か|マイクロソフトオフィスは必要か|パソコン office 必要か|officeは必要か,https://digi-mado.jp/article/61141/,,145,2025-10-15T07:58:02.101Z,2025-10-17T21:04:24.839Z,
gpl|gnu general public license|gplライセンス|gplライセンスとは|gplv3ライセンス|gplv3|gplv3 商用利用|gnu general public license v3.0 商用利用|gpl3.0 商用利用|general public license,https://digi-mado.jp/article/75766/,,139,2025-10-15T07:58:02.101Z,2025-10-17T21:04:24.839Z,
出世したくないのに出世する人|出世欲がないのに出世する|出世したくない|出世したくないのに出世する|出世しない生き方|出世 したくない|出世 しない 方が幸せ|出世しない 幸せ,https://digi-mado.jp/article/63039/,,131,2025-10-15T07:58:02.101Z,2025-10-17T21:04:24.839Z,
問い合わせメール 書き方|問い合わせメール 例文 初めて|問い合わせメール 例文|問い合わせメール 例文 個人|問い合わせメール 書き方 客側|問い合わせメール例文 初めて|お問い合わせメール テンプレート|問い合わせ メール|問い合わせ メール 書き方|問い合わせメール,https://digi-mado.jp/article/68704/,,128,2025-10-15T07:58:02.101Z,2025-10-17T21:04:24.839Z,
編集プロダクション|編集プロダクション 大手|編集プロダクション 東京|編集プロダクション 一覧|編プロ|編集プロダクション ランキング|編集プロダクションとは,https://digi-mado.jp/article/86928/,,127,2025-10-15T07:58:02.101Z,2025-10-17T21:04:24.839Z,
働きアリの法則 間違い|働きアリの法則|働きアリの法則 嘘|2 6 2の法則 人間関係 嘘|働きアリの法則 人間|働かないアリの法則|働きアリ 人間|働きアリ 法則|働きアリの法則 パレートの法則|働きアリの法則 ローテーション,https://digi-mado.jp/article/61971/,,127,2025-10-15T07:58:02.101Z,2025-10-17T21:04:24.839Z,
ポラリスオフィス 無料 有料 違い|オフィス 無料|office 比較表|polaris office どこの国|ポラリスオフィス 危険性|office software|office 無料|polaris office 体験版|office free|office 無料版,https://digi-mado.jp/category/information-system/office-software/,,119,2025-10-15T07:58:02.101Z,2025-10-17T21:04:24.839Z,
windows11 セキュリティソフト 必要か|ウイルス対策ソフト 必要性|ウィルス対策ソフト 必要か|ウイルス対策ソフト いらない|windows11 セキュリティソフト|windows11 ウィルス対策|windows11 ウイルス対策|windows11 セキュリティソフト いらない|ウイルス対策ソフト 不要|ウイルス対策ソフト 無料 おすすめ windows11,https://digi-mado.jp/article/60859/,,108,2025-10-15T07:58:02.101Z,2025-10-17T21:04:24.839Z,
スナックミー 口コミ|スナックミー レビュー|スナックミー ひどい|スナックミー 少ない|スナックミー 解約できない|スナックミー 評判|スナックミー コンビニ|スナックミー 料金,https://digi-mado.jp/article/104293/,,96,2025-10-15T07:58:02.101Z,2025-10-17T21:04:24.839Z,
オンライン秘書になるには|オンライン秘書 始め方|オンライン秘書 副業 始め方|オンライン秘書 未経験|オンライン秘書に なるには|オンライン秘書 初心者|オンライン秘書 資格|オンライン秘書入門|オンライン秘書 なり方|オンライン秘書 なるには,https://digi-mado.jp/article/81797/,,94,2025-10-15T07:58:02.101Z,2025-10-17T21:04:24.839Z,
生え抜き|生え抜きとは|生え抜き社員とは|生え抜き 意味|生え抜き 意味 社員|生え抜き社員|生え抜き プロパー|プロパーとは|生え抜きの意味|生え抜きの社員,https://digi-mado.jp/article/61675/,,94,2025-10-15T07:58:02.101Z,2025-10-17T21:04:24.839Z,
辞令交付|辞令交付とは|辞令交付 挨拶|辞令交付式 服装 女性|辞令交付式|辞令 受け取り方 言葉|辞令を受ける 返事|辞令交付式 流れ|辞令 受け取り方 動画|辞令 挨拶 一言,https://digi-mado.jp/article/78720/,,94,2025-10-15T07:58:02.101Z,2025-10-17T21:04:24.839Z,
アンドラゴジー 看護|アンドラゴジー 看護 わかりやすく|成人学習理論 看護|アンドラゴジーとは|アンドラゴジーとは 看護|アンドラゴジー|成人学習理論|成人学習者の特徴 看護|アンドラゴジー 看護 わかり やすく|アンドラゴジー 看護 例,https://digi-mado.jp/article/63064/,,93,2025-10-15T07:58:02.101Z,2025-10-17T21:04:24.839Z,
伺い書 テンプレート|伺い書の書き方 例文|伺い書 例文|伺い書|お伺い書 テンプレート|伺い書 書き方|伺い文 例|伺い書 フォーマット|伺い書とは|伺い書の書き方,https://digi-mado.jp/article/81409/,,88,2025-10-15T07:58:02.101Z,2025-10-17T21:04:24.839Z,
apache 2.0 ライセンス|apache license 2.0|apache license 2.0 商用|apacheライセンス 商用利用|apache 2.0 商用利用|apache 2.0ライセンス|apache license 2.0 とは|apache ライセンス|apache-2.0|apache 2.0,https://digi-mado.jp/article/75776/,,87,2025-10-15T07:58:02.101Z,2025-10-17T21:04:24.839Z,
管掌役員とは|管掌|管掌役員|管掌役員 意味|管掌とは|管掌 役職|管掌 意味|管掌役員 とは|管掌役員 読み方|管掌取締役,https://digi-mado.jp/article/61755/,,86,2025-10-15T07:58:02.101Z,2025-10-17T21:04:24.839Z,
座席予約システム 作り方|座席管理システム 自作|フリーアドレス 座席管理 自作|フリーアドレス 座席管理|在席管理 自作|座席表 アプリ|フリーアドレス 座席表|座席予約システム 無料|座席管理システム|フリーアドレス 座席管理 teams,https://digi-mado.jp/article/96712/,,83,2025-10-15T07:58:02.101Z,2025-10-17T21:04:24.839Z,
ウイルスバスター 効果|ウィルスバスター 無料|ウイルスバスター 効果あるの|ウィルスバスター いらない|ウイルスバスター メリット|ウイルスバスター 必要か|ウイルスバスタークラウド|ウィルスバスター 必要か|ウイルスバスター デメリット|ウイルスバスターとは,https://digi-mado.jp/article/60889/,,80,2025-10-15T07:58:02.101Z,2025-10-17T21:04:24.839Z,
メルマガ 無料|メルマガ配信サービス|メール一斉送信 ツール 無料|メルマガ配信 無料|メール 一斉送信 ソフト 無料|メルマガ 無料 おすすめ|メルマガ配信サービス 無料|メルマガ 無料 ビジネス|メルマガ 配信 無料|メルマガスタンド 無料,https://digi-mado.jp/article/87366/,,74,2025-10-15T07:58:02.101Z,2025-10-17T21:04:24.839Z,
車速センサー 故障 症状|車速センサーが壊れると|車速センサー|車速センサー 故障|ホイールセンサー 故障|車輪速センサー 故障|トラック 車速センサー|車速センサー 点検方法|スピードセンサー 仕組み|車速センサー 単体点検,https://digi-mado.jp/article/84459/,,66,2025-10-15T07:58:02.101Z,2025-10-17T21:04:24.839Z,
バーコード作成|バーコード 作成|エクセル バーコード作成|バーコード作成 アプリ|バーコード 仕組み|バーコード生成|excel バーコード生成|エクセル バーコード作成 できない|エクセルでバーコードを作成する方法|エクセルでバーコード作成,https://digi-mado.jp/article/85969/,,64,2025-10-15T07:58:02.101Z,2025-10-17T21:04:24.839Z,
backup フリーソフト|イメージバックアップ ソフト フリー|自動バックアップ フリーソフト|mac バックアップソフト フリー|クローンソフト フリー 窓の杜|バックアップソフト フリー おすすめ|バックアップソフト 個人|差分バックアップ フリーソフト|hdd バックアップ フリーソフト|android まるごとバックアップ フリーソフト,https://digi-mado.jp/category/information-system/backup-software/,,63,2025-10-15T07:58:02.101Z,2025-10-17T21:04:24.839Z,
共起ネットワーク 無料|テキストマイニング 無料|テキストマイニング 無料 ブラウザ|テキストマイニング ツール|テキストマイニング 無料ツール|テキストマイニング|テキストマイニング ツール 無料|テキストマイニング フリーソフト|テキストマイニング 無料 おすすめ|テキストマイニングツール,https://digi-mado.jp/article/62234/,,61,2025-10-15T07:58:02.101Z,2025-10-17T21:04:24.839Z,
クリップスタンプ 安全性|電子印鑑 ソフト|電子印鑑 おすすめ|電子印鑑ソフト|電子印 ソフト|電子印 フリーソフト|電子印鑑作成ソフト|電子印|電子印鑑 有料 おすすめ|電子印鑑 無料 人気,https://digi-mado.jp/category/back-office/electronic-seal-software/,,59,2025-10-15T07:58:02.101Z,2025-10-17T21:04:24.839Z,
決裁書 書き方 例文|決裁書 書き方|決裁書|決裁書 テンプレート|決裁文書|決裁 書き方|決裁文書 書き方|決裁書とは|文書決裁|決裁 例文,https://digi-mado.jp/article/81569/,,56,2025-10-15T07:58:02.101Z,2025-10-17T21:04:24.839Z,
利益供与とは|利益供与|利益供与 取引先|利益供与 グループ会社|利益供与 子会社 システム利用|利益供与 法律|利益供与とは わかりやすく|子会社への利益供与 違法|会社法 利益供与|供与 とは,https://digi-mado.jp/article/62412/,,54,2025-10-15T07:58:02.101Z,2025-10-17T21:04:24.839Z,
cad 種類|cadソフト 一覧|cad ソフト 一覧|cad 最新|cadソフト一覧|cad種類|住宅cadソフト ランキング|建築cadソフト ランキング|電気cadソフト ランキング|2d cad 価格,https://digi-mado.jp/category/business/cad-soft/,,53,2025-10-15T07:58:02.101Z,2025-10-17T21:04:24.839Z,
pdfソフト 無料 おすすめ|pdf 編集 フリーソフト おすすめ|pdf フリーソフト|pdf編集 無料 おすすめ|pdf 編集 フリーソフト|pdf 編集ソフト|pdf 編集ソフト 無料 おすすめ|pdf編集 無料 安全|pdf編集ソフト おすすめ 無料|docuworks 代替 ソフト 無料,https://digi-mado.jp/article/56023/,,53,2025-10-15T07:58:02.101Z,2025-10-17T21:04:24.839Z,
有給休暇 基本給のみ|有給 給料減る|有給休暇 給料出ない|有給休暇 残業時間 減る|退職 有給消化 給料減る|有給休暇 基本給に含まれる|有給休暇 給料 減る|有給給料減る|年休 給料減る|有休消化 基本給 下がる,https://digi-mado.jp/article/65494/,,53,2025-10-15T07:58:02.101Z,2025-10-17T21:04:24.839Z,
テーブルチェック 月額費用|テーブルチェック 費用|tablecheck 料金|テーブルチェック 月額|テーブルチェック 料金|tablecheck 費用|テーブルチェック 利用料|テーブルチェック 導入費用|テーブルチェック 料金プラン|テーブルチェック 金額,https://digi-mado.jp/products/38592/,,52,2025-10-15T21:08:18.260Z,2025-10-17T21:04:24.839Z,
名刺管理アプリ|名刺管理ソフト おすすめ|名刺管理ソフト|名刺管理|名刺管理 アプリ|名刺管理 無料|名刺管理アプリ おすすめ|名刺管理ソフト 無料|個人 名刺管理|名刺 管理 アプリ,https://digi-mado.jp/article/108015/,,51,2025-10-15T07:58:02.101Z,2025-10-17T21:04:24.839Z,
チケット管理システム|チケット管理ツール|チケット管理システム 比較|チケット管理|チケット管理 システム|チケット管理ツール 一覧|チケット管理ツール 個人|チケット 管理|チケットツール|チケット管理 oss,https://digi-mado.jp/article/78226/,,49,2025-10-15T07:58:02.101Z,2025-10-17T21:04:24.839Z,
有給休暇の 書き方 例文|休暇申請 メール|有給休暇申請書 書き方 例|有給休暇 申請 書き方|有給休暇申請 メール 例文|有給届 書き方|有給申請 書き方|有給 書き方|有給休暇申請書 書き方|休暇申請 メール 上司,https://digi-mado.jp/article/64556/,,48,2025-10-15T07:58:02.101Z,2025-10-17T21:04:24.839Z,
遵守|順守|遵守 順守|順守とは|遵守 順守 違い|順守 遵守 違い|遵守と順守の違い|じゅんしゆ|ルール 遵守 順守|法令遵守 順守,https://digi-mado.jp/article/61657/,,47,2025-10-15T07:58:02.101Z,2025-10-17T21:04:24.839Z,
玉突き人事 選ば れる 人|玉突き人事 選ばれる人|異動 選ばれる人|玉突き人事 優秀|玉突き人事 辞める|人事異動 欠員補充|玉突き人事|玉突き人事 出世|玉突き人事 誰が 悪い|穴埋め 人事 モチベーション低下,https://digi-mado.jp/article/62095/,,46,2025-10-15T07:58:02.101Z,2025-10-17T21:04:24.839Z,
pluscad電気α 価格|プラスcad電気 価格|プラスバイプラス 価格|pluscad 電気α 価格|プラスキャド,https://digi-mado.jp/products/15768/,,43,2025-10-15T21:08:18.260Z,2025-10-17T21:04:24.839Z,
ワークフローシステム 自作|excel 承認システム 自作|excel 承認機能|電子承認システム 自作|エクセル 承認ボタン|ワークフロー 自作|承認システム|承認システム 自作|excel|excel ワークフロー,https://digi-mado.jp/article/76171/,,43,2025-10-15T07:58:02.101Z,2025-10-17T21:04:24.839Z,
文書管理システム 自作|文書管理システム 自作 エクセル|文書管理台帳 エクセル テンプレート|エクセル マクロ できること|エクセル 台帳 作り方|文書管理 エクセル|文書管理システム エクセル|書類管理 エクセル,https://digi-mado.jp/article/74119/,,39,2025-10-15T07:58:02.101Z,2025-10-17T21:04:24.839Z,
kpiee|ケーピー データx|データエックス ケーピー|kpiee 評判|ケーピー 経理|データx kpiee|データx ケーピー,https://digi-mado.jp/products/83591/,,38,2025-10-15T21:08:18.260Z,2025-10-17T21:04:24.839Z,
エクセル 納品書 請求書 連動|エクセル 納品書 請求書 連動 テンプレート|エクセル 納品書 自動作成|エクセル 見積書 請求書 連動|excel 納品書 マクロ|エクセル 請求書 作り方 初心者|エクセル請求書|請求書 エクセル 関数,https://digi-mado.jp/article/64286/,,36,2025-10-15T07:58:02.101Z,2025-10-17T21:04:24.839Z,
付加価値とは|付加価値 例|付加価値|バリューチェーン 付加価値|付加価値 サービス 例|付加価値 具体例|付加価値とは 例|付加価値とは？|付加価値を高める|付加価値額とは わかりやすく,https://digi-mado.jp/article/61723/,,36,2025-10-15T07:58:02.101Z,2025-10-17T21:04:24.839Z,
ai ocr 比較|ai-ocr 比較|aiocr 比較|ai-ocr 価格 比較|ai-ocr 買い切り|ai ocr おすすめ|ai ocr ソフト|ai-ocr 価格|ai-ocr 比較表|ai-ocrサービス,https://digi-mado.jp/category/business/ai-ocr/,,36,2025-10-15T07:58:02.101Z,2025-10-17T21:04:24.839Z,
officesuite|officesuite 危険性|office suite|office suite 必要か|officesuiteとは|オフィススイート|easy office suite|mobioffice 必要か|mobisystems どこの国|office 互換,https://digi-mado.jp/article/37222/,,36,2025-10-15T07:58:02.101Z,2025-10-17T21:04:24.839Z,
士気を下げる人|士気|士気とは|現場の士気|チームの士気が下がる|会社の士気が下がる|士気が低い 職場|士気の低下とは|士気を下げる|士気低下,https://digi-mado.jp/article/63824/,,36,2025-10-15T07:58:02.101Z,2025-10-17T21:04:24.839Z,
teams 在席管理 自作|フリーアドレス 座席管理 teams|teams 在席管理|teams 座席表|座席管理システム teams|座席管理システム 自作|teams 在席管理 無料|在席管理 teams,https://digi-mado.jp/article/96730/,,34,2025-10-15T07:58:02.101Z,2025-10-17T21:04:24.839Z,
工事写真 黒板 後付け フリーソフト|工事写真 黒板 後付け フリーソフト windows|工事黒板 アプリ アンドロイド無料|工事写真 黒板 後付け アプリ 無料|工事写真 黒板 後付け 無料|工事写真 アプリ 無料 android|工事写真 黒板 後付け アンドロイド|工事黒板 アプリ 無料|工事黒板 後付け アプリ|電子黒板 アプリ,https://digi-mado.jp/article/87645/,,34,2025-10-15T07:58:02.101Z,2025-10-17T21:04:24.839Z,
燃え尽き症候群 診断中学生|燃え尽き症候群 スポーツ 診断|燃え尽き 症候群診断 高校生|燃え尽き症候群 中学生|燃え尽き症候群 学生 診断|燃え尽き症候群 診断テスト 学生|燃え尽き症候群 高校生|受験 燃え尽き症候群 診断|燃え尽き 症候群 診断 高校生|燃え尽き 症候群 診断テスト 学生,https://digi-mado.jp/article/61689/,,33,2025-10-15T07:58:02.101Z,2025-10-17T21:04:24.839Z,
シンクロニティ|シンクロニシティとは|シンクロニシティ|シンクロニシティ 意味|セレンディピティ|シンクロニシティ 恋愛|シンクロニシティ 意味 わかりやすく|シンクロニシティ 量子もつれ,https://digi-mado.jp/article/62191/,,33,2025-10-15T07:58:02.101Z,2025-10-17T21:04:24.839Z,
覚書 書き方|覚書 書き方 個人|覚書 ひな形|覚書 テンプレ|覚書 テンプレート|覚書 例文|覚書 書き方 見本|覚書 様式|覚書 記載例|覚書 雛形,https://digi-mado.jp/article/85841/,,32,2025-10-15T07:58:02.101Z,2025-10-17T21:04:24.839Z,
リモートデスクトップ おすすめ 無料|リモートデスクトップ 無料|無料 リモートデスクトップ|パソコン 遠隔操作 無料|リモート 無料|リモートアクセスツール 無料|リモートツール ランキング|リモートデスクトップ おすすめ|リモートデスクトップ アプリ 無料|リモートデスクトップ ソフト,https://digi-mado.jp/article/96091/,,32,2025-10-15T07:58:02.101Z,2025-10-17T21:04:24.839Z,
キッティングツール|windows キッティングツール|キッティング ツール|キッティングツール フリー|pcキッティング 自動化 フリー|symantec ghost solution suite 価格表|キッティング 自動化 ツール|pc クローニングツール|キッティング 自動化|クローニングツール 比較,https://digi-mado.jp/article/78151/,,32,2025-10-15T07:58:02.101Z,2025-10-17T21:04:24.839Z,
制度会計 財務会計 違い|財務会計 制度会計 違い|財務会計 制度会計|制度会計|制度会計 財務会計|制度会計とは 簡単に,https://digi-mado.jp/article/60822/,,30,2025-10-15T07:58:02.101Z,2025-10-17T21:04:24.839Z,
未達|未達とは|目標未達|営業 未達|未達 ビジネス|未達 届いていない|未達成|目標達成できなかった 例文|目標達成できなかった 書き方,https://digi-mado.jp/article/78524/,,30,2025-10-15T07:58:02.101Z,2025-10-17T21:04:24.839Z,
クリップスタンプ|クリックスタンプ|クリップスタンプ2,https://digi-mado.jp/products/33097/,,27,2025-10-15T21:08:18.260Z,2025-10-17T21:04:24.839Z,
クローニングツール|クローニングソフト|クローニング ソフト|クローニングツール windows11|クローニングツール 比較|aomei backupper standard 評判|pc クローニング|pc クローニングツール|symantec ghost windows11|windows クローニング,https://digi-mado.jp/category/information-system/cloning-tool/,,27,2025-10-15T07:58:02.101Z,2025-10-17T21:04:24.839Z,
アプリケーションとは|アプリケーション 種類|アプリケーション|アプリケーションの種類|アプリケーションソフトウェア|アプリケーション例|アプリケーション 例|アプリケーション 意味 ビジネス|アプリケーションて何|アプリケーションとは 例,https://digi-mado.jp/article/61131/,,27,2025-10-15T07:58:02.101Z,2025-10-17T21:04:24.839Z,
バーコード 在庫管理 自作|備品管理システム 自作|在庫管理システム 自作 web|qrコード 在庫管理 自作|在庫管理システム 自作 エクセル|qrコード 在庫管理 エクセル|在庫管理 自作|在庫管理システム 自作|社内 発注システム 自作,https://digi-mado.jp/article/95464/,,27,2025-10-15T07:58:02.101Z,2025-10-17T21:04:24.839Z,
車両管理表 エクセル テンプレート 無料|車両管理表 テンプレート 無料|車検管理 エクセル テンプレート 無料|車両管理 エクセル 無料|車 整備記録 エクセル|車両チェックシート テンプレート|車両一覧表 エクセル|車両台帳 エクセル|車両稼働率 計算 エクセル|車両管理台帳 エクセル 無料,https://digi-mado.jp/article/82721/,,26,2025-10-15T07:58:02.101Z,2025-10-17T21:04:24.839Z,
請求書作成ソフト 無料 エクセル|納品書 請求書 ソフト フリー|請求書作成ソフト 無料 おすすめ|エクセル 伝票印刷 フリーソフト|請求書 ソフト|請求書 ソフト 無料|請求書 見積書 ソフト 無料|請求書ソフト 無料,https://digi-mado.jp/article/82235/,,25,2025-10-15T07:58:02.101Z,2025-10-17T21:04:24.839Z,
httpリクエストスマグリング|http リクエストスマグリング|http request smuggling|リクエストスマグリング|http smuggling|スマグリング,https://digi-mado.jp/article/75033/,,25,2025-10-15T07:58:02.101Z,2025-10-17T21:04:24.839Z,
aomei backupper standard|aomei backupper|aomei backupper 無料版|aomei backupper standard 危険性|aomei backupper 無料版 制限|aomei backup|aomei backupper 8|aomei backupper standard 無料で使えない|aomei standard edition|aomei 危険性,https://digi-mado.jp/article/110787/,,25,2025-10-15T07:58:02.101Z,2025-10-17T21:04:24.839Z,
ats 無料|採用管理システム 無料|採用管理システム|ats 費用|エンゲージ ats|応募管理システム|採用管理 ソフトウェア|採用管理 無料|採用管理システム ats|採用管理システム 比較表,https://digi-mado.jp/article/84500/,,25,2025-10-15T07:58:02.101Z,2025-10-17T21:04:24.839Z,
ocrソフト|ocr ソフト|ocr おすすめ|ai-ocr ランキング|ocr soft|ocr ソフト 比較|ocr ソフト 高精度|ocr 有料ソフト|ocr 費用|ocrソフト おすすめ,https://digi-mado.jp/article/62934/,,25,2025-10-15T07:58:02.101Z,2025-10-17T21:04:24.839Z,
座席管理 アプリ 無料|座席予約システム 無料|座席管理システム 無料|フリーアドレス 座席管理 無料|在席状況 見える化 無料|フリーアドレス 座席管理 office365|在席確認 ツール 無料|座席表 web フリー,https://digi-mado.jp/article/97366/,,25,2025-10-15T07:58:02.101Z,2025-10-17T21:04:24.839Z,
文書管理システム|文書管理ソフト 個人 フリー|papermerge|papermerge dms|ドキュメント管理ツール フリー|文書管理アプリ|文書管理システム フリー|文書管理システム 無料|文書管理ソフト|文書管理ソフト フリー,https://digi-mado.jp/article/74081/,,25,2025-10-15T07:58:02.101Z,2025-10-17T21:04:24.839Z,
表計算|表計算ソフト|表計算ソフト 比較|excel以外の表計算ソフト|エクセル以外|表計算 ソフト|表計算アプリ|表計算ソフト エクセル以外|表計算ソフト 一覧|表計算ソフトウェア,https://digi-mado.jp/category/business/spreadsheet-program/,,24,2025-10-15T07:58:02.101Z,2025-10-17T21:04:24.839Z,
mitライセンスとは|mitライセンス|mitライセンス 著作権表示|mitライセンス違反 事例|mit license とは|mitライセンス 表記方法|mit license 表記|mit licenseとは|mitライセンス どこに書く|mitライセンス 改変した場合,https://digi-mado.jp/article/75041/,,24,2025-10-15T07:58:02.101Z,2025-10-17T21:04:24.839Z,
excel 共有|excel ブックの共有|excel 共同編集 onedrive以外|エクセル ブックの共有|excel 共同編集 ローカル|excel 共有 同時編集|excel 共有設定|excel 共有設定 やり方|excelファイル 共有化|ms365 excel 共有,https://digi-mado.jp/article/102231/,,24,2025-10-15T07:58:02.101Z,2025-10-17T21:04:24.839Z,
mac cad|cad mac|cad mac 無料|mac cad フリー|mac cad 無料|mac cadソフト|macでcad 無料|cad for mac|mac cad フリーソフト|mac 図面作成,https://digi-mado.jp/article/100410/,,23,2025-10-15T07:58:02.101Z,2025-10-17T21:04:24.839Z,
給与明細 管理 アプリ 個人|給与管理 アプリ 個人|給与 アプリ|company 給与明細アプリ|web給与明細 アプリ 無料|ジンジャー 給与明細 アプリ|ヤオコー給料明細アプリ|給与 賞与明細書 アプリ|給与アプリ|給与明細 web アプリ,https://digi-mado.jp/article/94953/,,23,2025-10-15T07:58:02.101Z,2025-10-17T21:04:24.839Z,
安否確認 無料|安否確認サービス 無料|安否確認 アプリ 無料|安否確認システム 無料 企業|安否確認 アプリ 無料 おすすめ|安否確認 無料 アプリ|安否確認アプリ 無料|安否確認システム アプリ 無料|安否確認システム 無料|災害 安否確認 アプリ 無料,https://digi-mado.jp/article/84546/,,22,2025-10-15T07:58:02.101Z,2025-10-17T21:04:24.839Z,
エクセル データ一覧から請求書 マクロ|エクセル 請求書 作り方 マクロ|請求書 マクロ|エクセル 請求書 自動作成 vba|excel 請求書 自動作成|エクセル 請求書 自動作成|excel マクロ 請求書 テンプレート|エクセル 請求書 自動作成 テンプレート,https://digi-mado.jp/article/83779/,,22,2025-10-15T07:58:02.101Z,2025-10-17T21:04:24.839Z,
事業ポートフォリオ 事例|事業ポートフォリオ|事業ポートフォリオとは|事業ポートフォリオマネジメント|ポートフォリオ 事業戦略,https://digi-mado.jp/article/78371/,,21,2025-10-15T07:58:02.101Z,2025-10-17T21:04:24.839Z,
同調性バイアス|同調性バイアス 例|同調性バイアスとは|同調バイアス|集団同調性バイアス|多数派同調バイアス|集団同調性 バイアス|集団同調性バイアス 例,https://digi-mado.jp/article/61684/,,21,2025-10-15T07:58:02.101Z,2025-10-17T21:04:24.839Z,
帳票作成ツール|帳票作成ツール 無料|csv 帳票作成 フリーソフト|帳票作成ツール フリー|帳票作成ツール ランキング|帳票 クラウド|帳票 ツール|帳票ソフト|帳票ツール フリー|帳票作成ソフト,https://digi-mado.jp/article/99666/,,21,2025-10-15T07:58:02.101Z,2025-10-17T21:04:24.839Z,
手書きの紙をエクセルに|手書き エクセル 取り込み|エクセル化|手書き エクセルに変換|手書きpdf エクセル変換|手書きの表をデジタル化|手書き伝票 エクセル|紙 エクセル 変換|紙からエクセルへ|紙をエクセルに変換,https://digi-mado.jp/article/72000/,,20,2025-10-15T07:58:02.101Z,2025-10-17T21:04:24.839Z,
始末書 社内規定違反 例文|始末書 書き方|始末書 確認不足|体調不良 始末書 書き方|始末書 パワハラ 例文|始末書 原因|始末書 結び|始末書の書き方 社内,https://digi-mado.jp/article/61727/,,20,2025-10-15T07:58:02.101Z,2025-10-17T21:04:24.839Z,
午前休 理由|半休 理由|会社 急に半休|午後休 理由|体調不良 半休|午前 半休 体調不良|午前 半休 何時 から出社|午前半休|午前半休 何時から出社|午後半休 理由,https://digi-mado.jp/article/62178/,,20,2025-10-15T07:58:02.101Z,2025-10-17T21:04:24.839Z,
efax|efaxとは|efax とは|eファックス|fax2mail,https://digi-mado.jp/article/56319/,,19,2025-10-15T07:58:02.101Z,2025-10-17T21:04:24.839Z,
職印くん|職印くん 使い方|職印くん32|しょくいんくん|職印くん pdf 貼り付け|職印くん エクセル 貼り付け|職印君,https://digi-mado.jp/products/33104/,,19,2025-10-15T21:08:18.260Z,2025-10-17T21:04:24.839Z,
スループット 計算|スループット 計算式|スループット 計算方法|スループット計算|スループットとは|高スループットとは,https://digi-mado.jp/article/78409/,,19,2025-10-15T07:58:02.101Z,2025-10-17T21:04:24.839Z,
マインドマップ 無料|マインドマップ ai 無料|ai マインドマップ 無料|aiマインドマップメーカー|mindmap free|mindmap mac|office マインドマップ|xmind 無料版|マインドマップ mac|マインドマップ アプリ mac 無料,https://digi-mado.jp/article/57624/,,19,2025-10-15T07:58:02.101Z,2025-10-17T21:04:24.839Z,
授業支援システム|授業支援ソフト 比較|学習支援ソフト 比較|授業支援アプリ|授業支援システム 比較|授業支援ソフト|teams classroom 比較|小学校学習支援システム|校務支援システム 比較,https://digi-mado.jp/category/recruitment-and-organization/class-support-system/,,19,2025-10-15T07:58:02.101Z,2025-10-17T21:04:24.839Z,
テキストマイニング エクセル|excel テキストマイニング|エクセル テキストマイニング|テキストマイニング エクセル やり方|excel 頻出単語 抽出|テキストマイニング excel|テキストマイニング エクセル 無料|テキストマイニング 無料 エクセル,https://digi-mado.jp/article/64288/,,18,2025-10-15T07:58:02.101Z,2025-10-17T21:04:24.839Z,
創造力のある人|創造力豊か|創造性豊かな人|まとめると|創造力がある人|創造力がある人 特徴|創造力とは|創造性が豊か|創造性が高い|創造性のある人,https://digi-mado.jp/article/62993/,,18,2025-10-15T07:58:02.101Z,2025-10-17T21:04:24.839Z,
vulndb|脆弱性データベース|脆弱性情報 収集|cve データベース|osvdb|脆弱性 検索|脆弱性db|脆弱性サイト|脆弱性情報 サイト|脆弱性情報とは,https://digi-mado.jp/article/79519/,,18,2025-10-15T07:58:02.101Z,2025-10-17T21:04:24.839Z,
エクセル ワード|エクセルとワードの違い|ワードとエクセルの違い|ワードエクセルとは|word excel 使い分け|wordとexcelの違い|wordとエクセルの違い|エクセルとワードの使い分け|ワード|ワード エクセル 違い,https://digi-mado.jp/article/61303/,,18,2025-10-15T07:58:02.101Z,2025-10-17T21:04:24.839Z,
p2p ファイル共有|p2p 現在|p2p 2025|p2p ファイル共有 現在|mega p2p|p2p file share|p2p ファイル転送,https://digi-mado.jp/article/100064/,,17,2025-10-15T07:58:02.101Z,2025-10-17T21:04:24.839Z,
雑務|雑務とは|雑用|雑務 雑用 違い|雑務と雑用の違い|雑用 雑務|雑用とは|雑用とは 仕事,https://digi-mado.jp/article/75622/,,17,2025-10-15T07:58:02.101Z,2025-10-17T21:04:24.839Z,
裁量労働制 デメリットしかない,https://digi-mado.jp/article/63410/,,16,2025-10-15T07:58:02.101Z,2025-10-17T21:04:24.839Z,
経営管理システム|経営管理システム 比較|経営管理システムとは|管理システム|経営管理ツール,https://digi-mado.jp/category/corporate-planning/business-management-system/,,16,2025-10-15T07:58:02.101Z,2025-10-17T21:04:24.839Z,
傾聴 例文|傾聴する 例文|話を傾聴する 例文|傾聴 使い方|傾聴 使い方 例文|傾聴の使い方,https://digi-mado.jp/article/61715/,,16,2025-10-15T07:58:02.101Z,2025-10-17T21:04:24.839Z,
遵守とは|遵守|遵守 使い方|遵守 言い換え|ルール遵守 言い換え|順守 言い換え,https://digi-mado.jp/article/61538/,,16,2025-10-15T07:58:02.101Z,2025-10-17T21:04:24.839Z,
クラウドデータベース|クラウドdb|データベース クラウド|データベース サービス|クラウド データベース|クラウド データベース 個人|データベース おすすめ|無料 データベース クラウド,https://digi-mado.jp/article/88690/,,16,2025-10-15T07:58:02.101Z,2025-10-17T21:04:24.839Z,
職掌|職掌とは|職掌変更|職掌 意味|職掌とは 意味,https://digi-mado.jp/article/63310/,,16,2025-10-15T07:58:02.101Z,2025-10-17T21:04:24.839Z,
留保金とは|留保金|留保金課税 わかりやすく|留保金課税 とは|留保金課税 計算|留保金課税とは,https://digi-mado.jp/article/62341/,,16,2025-10-15T07:58:02.101Z,2025-10-17T21:04:24.839Z,
セブン自販機|オフィスコンビニ セブンイレブン|セブンイレブン自販機|セブン 自販機|セブン 自販機 メニュー|セブンイレブン オフィスコンビニ|セブンイレブン 自動販売機|セブンイレブン 自販機|セブンイレブン 自販機 高い|セブン自販機 paypay,https://digi-mado.jp/article/101975/,,16,2025-10-15T07:58:02.101Z,2025-10-17T21:04:24.839Z,
自販機コンビニ|ファミマ 自販機 条件|コンビニ自販機|コンビニ 自販機 どっちが安い|コンビニ自動販売機|自販機 コンビニ,https://digi-mado.jp/article/101962/,,15,2025-10-15T07:58:02.101Z,2025-10-17T21:04:24.839Z,
電子カルテ 勘定科目|電子処方箋 勘定科目|電子カルテシステム 勘定科目|電子カルテシステム 耐用年数|電子カルテ 会計処理,https://digi-mado.jp/article/73834/,,15,2025-10-15T07:58:02.101Z,2025-10-17T21:04:24.839Z,
etlツール 無料|etl 無料|etlツール oss|etl hop|etl oss|etl オープンソース|etl ツール 無料|talend open studio 代替,https://digi-mado.jp/article/67644/,,15,2025-10-15T07:58:02.101Z,2025-10-17T21:04:24.839Z,
事例紹介|成功事例 共有 フォーマット|事例紹介 テンプレート|事例の書き方|事例検討 書き方 例|事例紹介 書き方|事例紹介 資料,https://digi-mado.jp/article/79231/,,15,2025-10-15T07:58:02.101Z,2025-10-17T21:04:24.839Z,
瞬快|瞬快 windows11|systemwalker desktop restore|systemwalker desktop restore lite|systemwalker desktop restore standard|systemwalker desktop restore 瞬快 違い|富士通 瞬快|瞬快 とは|瞬快 価格,https://digi-mado.jp/products/74918/,,15,2025-10-15T21:08:18.260Z,2025-10-17T21:04:24.839Z,
不就労控除 休んでない|不就労控除とは|不就業|不就労|不就労とは|不就労控除|不就労日|不就労時間 計算|不就労時間とは|不就業扱いとは,https://digi-mado.jp/article/61967/,,15,2025-10-15T07:58:02.101Z,2025-10-17T21:04:24.839Z,
キリン ウェルネススタンド|ウェルネススタンド,https://digi-mado.jp/products/92502/,,14,2025-10-15T21:08:18.260Z,2025-10-17T21:04:24.839Z,
画像編集ソフト 有料 おすすめ|画像編集ソフト 有料|レタッチソフト 買い切り,https://digi-mado.jp/article/54790/,,14,2025-10-15T07:58:02.101Z,2025-10-17T21:04:24.839Z,
健康管理システム アプリ|健康管理アプリ おすすめ|健康管理システム 比較|健康管理システム|健康管理システム おすすめ|健康診断 管理 アプリ|健康診断結果 アプリ おすすめ,https://digi-mado.jp/article/95862/,,14,2025-10-15T07:58:02.101Z,2025-10-17T21:04:24.839Z,
保険代理店 システム|保険代理店システム ランキング|保険代理店システム|保険代理店システム 比較|保険代理店 手数料 ランキング|保険管理システム,https://digi-mado.jp/article/88684/,,14,2025-10-15T07:58:02.101Z,2025-10-17T21:04:24.839Z,
googleドライブ ocr できない|googleドライブ|google drive ocr|google ドライブ|googleドキュメント|googleドライブ ocr|googleドライブのocr文字抽出機能|googleドライブのocr機能|ocr google|ocr アプリ,https://digi-mado.jp/article/62692/,,14,2025-10-15T07:58:02.101Z,2025-10-17T21:04:24.839Z,
freescout,https://digi-mado.jp/products/94368/,,13,2025-10-15T21:08:18.260Z,2025-10-17T21:04:24.839Z,
bbキャンプ|bbcamp ネオス|b.b.camp|bb camp,https://digi-mado.jp/products/93552/,,13,2025-10-15T21:08:18.260Z,2025-10-17T21:04:24.839Z,
レスポンス|レスポンスとは|レスポンス 言い換え|レスポンスって何|レスポンスの意味|レスポンスよく|レスポンスを高める,https://digi-mado.jp/article/61033/,,13,2025-10-15T07:58:02.101Z,2025-10-17T21:04:24.839Z,
雇用保険 掛け持ち 20時間以上|パート掛け持ち 雇用保険|雇用保険 掛け持ち 20時間未満|バイト 掛け持ち 雇用保険|パート 掛け持ち 雇用保険|週20時間以上 掛け持ち|雇用保険 かけもち|雇用保険 掛け持ちの場合,https://digi-mado.jp/article/62718/,,13,2025-10-15T07:58:02.101Z,2025-10-17T21:04:24.839Z,
同じミスを繰り返す 治らない|同じミスを繰り返す癖の直し方は|なぜあの人は同じミスをなん度もするのか|何度も同じミスをする|同じミスを繰り返す|同じミスを繰り返す 原因|同じミスを繰り返す 対策|同じミスを繰り返す人の特徴|同じ失敗を繰り返さないためには|同じ失敗を繰り返す,https://digi-mado.jp/article/63041/,,13,2025-10-15T07:58:02.101Z,2025-10-17T21:04:24.839Z,
東京 seo対策|seo 東京|seo 業者 東京|seo対策東京|seo 対策 サポート|seo 対策 東京|seoコンサルティング 東京|seo会社 東京,https://digi-mado.jp/article/92630/,,13,2025-10-15T07:58:02.101Z,2025-10-17T21:04:24.839Z,
バーター取引|バーター ビジネス|バーターとは|バーターとは ジャニーズ|バーター関係,https://digi-mado.jp/article/61669/,,12,2025-10-15T07:58:02.101Z,2025-10-17T21:04:24.839Z,
zendesk 使い方|zendesk 使ってみた|zendesk guide|zendesk 導入|zendesk 機能一覧,https://digi-mado.jp/article/69225/,,12,2025-10-15T07:58:02.101Z,2025-10-17T21:04:24.839Z,
ソーシャルリスニングツール 無料|ソーシャルリスニングツール|ソーシャルリスニング 無料,https://digi-mado.jp/article/97362/,,12,2025-10-15T07:58:02.101Z,2025-10-17T21:04:24.839Z,
ワークフローシステム 比較|ワークフローシステム|ワークフロー 比較|ワークフロー 比較 表|ワークフローシステム おすすめ|稟議システム|電子稟議システム,https://digi-mado.jp/category/corporate-planning/workflow-systems/,,12,2025-10-15T07:58:02.101Z,2025-10-17T21:04:24.839Z,
beat-box|beat-box とは|beat boc|beat-box ルーター|beat-boxとは|beatactive|beatboxとは|富士フイルム ビートボックス,https://digi-mado.jp/products/27469/,,12,2025-10-15T21:08:18.260Z,2025-10-17T21:04:24.839Z,
勤怠管理システム 自作 python,https://digi-mado.jp/article/60706/,,11,2025-10-15T07:58:02.101Z,2025-10-17T21:04:24.839Z,
speeda 料金|speeda|speeda 料金表,https://digi-mado.jp/products/45877/,,11,2025-10-15T21:08:18.260Z,2025-10-17T21:04:24.839Z,
棲み分け 意味|棲み分け|棲み分けする,https://digi-mado.jp/article/61952/#contents0,,11,2025-10-15T07:58:02.101Z,2025-10-17T21:04:24.839Z,
被考課者とは|被考課者 考課者 違い|考課者とは|被考課者,https://digi-mado.jp/article/63156/,,11,2025-10-15T07:58:02.101Z,2025-10-17T21:04:24.839Z,
statista 料金|statista 信頼性|statista|スタティスタ・ジャパン株式会社,https://digi-mado.jp/products/44858/,,11,2025-10-15T21:08:18.260Z,2025-10-17T21:04:24.839Z,
試用期間後 給料上がる|試用期間 給与|試用期間 給料|試用期間中の給料|試用期間後 給与 見直し|試用期間後 給料 上がらない|試用期間後 給料 上がる,https://digi-mado.jp/article/61793/,,11,2025-10-15T07:58:02.101Z,2025-10-17T21:04:24.839Z,
aws waf 料金|aws waf bot control 料金|amazon waf pricing|aws waf fraud control|aws waf pricing calculator|aws waf 無料枠|waf bot control|waf 料金,https://digi-mado.jp/article/107155/,,11,2025-10-15T07:58:02.101Z,2025-10-17T21:04:24.839Z,
規模の経済 例|規模の経済 身近な例|スケールメリット 規模の経済 違い|規模の経済|規模の経済 具体例|規模の経済 範囲の経済|規模の経済性 例,https://digi-mado.jp/article/62292/,,11,2025-10-15T07:58:02.101Z,2025-10-17T21:04:24.839Z,
会計ソフト 無料 エクセル|excel 会計ソフト|チケットテンプレート 無料 エクセル|青色申告帳簿 エクセル 無料テンプレート,https://digi-mado.jp/article/62436/,,10,2025-10-15T07:58:02.101Z,2025-10-17T21:04:24.839Z,
物品管理システム|物品管理システム おすすめ|備品管理 システム,https://digi-mado.jp/category/business/office-equipment-management-system/,,10,2025-10-15T07:58:02.101Z,2025-10-17T21:04:24.839Z,
採用管理システム 比較|ats 比較|採用管理システム ats|採用管理システム 一覧|採用管理ツール 比較,https://digi-mado.jp/category/recruitment-and-organization/recruitment-management-system/,,10,2025-10-15T07:58:02.101Z,2025-10-17T21:04:24.839Z,
オープンテーブル|オープンテーブル 手数料|opentable アプリ|オープンテーブル ハワイ|オープンテーブル 使い方|オープンテーブル 評判|ハワイ オープンテーブル,https://digi-mado.jp/products/38697/,,10,2025-10-15T21:08:18.260Z,2025-10-17T21:04:24.839Z,
名刺 社内共有 違法|sansan 個人情報|エイト 名刺 注意点|名刺 個人情報 利用目的|名刺 個人情報 第三者提供|名刺 個人情報保護法|名刺 社内共有|名刺情報は個人情報か,https://digi-mado.jp/article/81657/,,10,2025-10-15T07:58:02.101Z,2025-10-17T21:04:24.839Z,
hdd データ消去 フリーソフト|hddデータ消去ソフト フリー|ゼロライト ランダムライト どっち|データ抹消ソフト 必要か|データ消去ソフト 比較|データ消去方式 おすすめ|パソコン データ消去 ソフト 無料|パソコンデータ消去ソフト 無料 おすすめ|ファイル消去ソフト,https://digi-mado.jp/category/information-system/data-erasure-software/,,10,2025-10-15T07:58:02.101Z,2025-10-17T21:04:24.839Z,
ビッグファイブ 全部低い|ビックファイブとは|ビッグファイブ 外向性|ビッグファイブ 神経症傾向|ビッグファイブ 誠実性 低い|ビッグファイブ 開放性 高い|ビッグファイブ理論|誠実性が低い人|誠実性が低い人 特徴,https://digi-mado.jp/article/63627/,,10,2025-10-15T07:58:02.101Z,2025-10-17T21:04:24.839Z,
stp分析 テンプレート,https://digi-mado.jp/wp-content/uploads/2024/11/ae4d1dfccc4afd2e6a9e22dbc916b425.pdf,,9,2025-10-15T21:08:18.260Z,2025-10-17T21:04:24.839Z,
文書管理システム 自作|文書管理システム 自作 エクセル,https://digi-mado.jp/article/74998/,,9,2025-10-15T07:58:02.101Z,2025-10-17T21:04:24.839Z,
efoツール|efo ツール|efoツール 無料,https://digi-mado.jp/article/87884/,,9,2025-10-15T07:58:02.101Z,2025-10-17T21:04:24.839Z,
pop garden|ポップガーデン|コカ・コーラ ポップガーデン,https://digi-mado.jp/products/93548/,,9,2025-10-15T21:08:18.260Z,2025-10-17T21:04:24.839Z,
予算管理システム 自作|予算 管理 フリー|予算管理 エクセル|予算管理 エクセル マクロ,https://digi-mado.jp/article/75276/,,9,2025-10-15T07:58:02.101Z,2025-10-17T21:04:24.839Z,
voc分析ツール|vocツール|voc分析 ツール|voc分析 事例,https://digi-mado.jp/article/88600/,,9,2025-10-15T07:58:02.101Z,2025-10-17T21:04:24.839Z,
健康管理システム 自治体|健康かるて|健康管理システム 標準仕様書 3.1|自治体 健康管理システム|自治体 標準化,https://digi-mado.jp/article/95826/,,9,2025-10-15T07:58:02.101Z,2025-10-17T21:04:24.839Z,
士業 向いてる人|士業 向いている人,https://digi-mado.jp/article/61327/,,9,2025-10-15T07:58:02.101Z,2025-10-17T21:04:24.839Z,
docuworks 活用事例|docuworks ワークフロー 事例|docuworks 事例|docuworks 何ができる,https://digi-mado.jp/products/13858/case/,,9,2025-10-15T21:08:18.260Z,2025-10-17T21:04:24.839Z,
職印くん32|職印くん|印鑑くん|職印くん インストール不要,https://digi-mado.jp/products/33104/case/,,9,2025-10-15T21:08:18.260Z,2025-10-17T21:04:24.839Z,
eai esb|esb|eai/esb|eai esb 違い,https://digi-mado.jp/article/88329/,,9,2025-10-15T07:58:02.101Z,2025-10-17T21:04:24.839Z,
rfq|rfi/rfp rfq 流れ|rfi rfp 違い|rfi rfq|rfi 見積|見積依頼書,https://digi-mado.jp/article/85052/,,9,2025-10-15T07:58:02.101Z,2025-10-17T21:04:24.839Z,
エクセル カルテ|カルテ 作り方 エクセル|エクセル カルテ 作り方|電子カルテ 自作 エクセル|顧客カルテ エクセル,https://digi-mado.jp/article/40301/,,9,2025-10-15T07:58:02.101Z,2025-10-17T21:04:24.839Z,
オフィスグリコ|オフィスグリコ 値段|オフィスグリコ 値段 一覧|オフィスグリコ qr決済|オフィスグリコ 費用,https://digi-mado.jp/products/92357/,,9,2025-10-15T21:08:18.260Z,2025-10-17T21:04:24.839Z,
リモートアクセスツール|リモート ツール|リモートアクセスツール おすすめ|リモートソフト 比較|リモートツール|リモートツール ランキング|リモートツール 一覧,https://digi-mado.jp/category/business/remote-access-tools/,,9,2025-10-15T07:58:02.101Z,2025-10-17T21:04:24.839Z,
不就労控除とは|不就労控除|不労控除とは|不就労控除 休んでない|不就業控除 とは|不就業控除とは,https://digi-mado.jp/article/77651/,,9,2025-10-15T07:58:02.101Z,2025-10-17T21:04:24.839Z,
見積ソフト|建築積算 アプリ 無料|建築見積ソフト ランキング|建設ソフト|建設業 ソフト|見積ソフト 建築|見積作成 ソフト,https://digi-mado.jp/article/85983/,,9,2025-10-15T07:58:02.101Z,2025-10-17T21:04:24.839Z,
デジタル化の窓口,https://digi-mado.jp/article/,,8,2025-10-15T07:58:02.101Z,2025-10-17T21:04:24.839Z,
seoツール 比較|seoツール おすすめ,https://digi-mado.jp/category/marketing/seo-tools/,,8,2025-10-16T21:10:05.258Z,2025-10-17T21:04:24.839Z,
電子カルテ 補助金 2025|電子カルテ 補助金,https://digi-mado.jp/article/70450/,,8,2025-10-15T07:58:02.101Z,2025-10-17T21:04:24.839Z,
alsp|alsp 法務|法務アウトソーシング,https://digi-mado.jp/article/101801/,,8,2025-10-15T07:58:02.101Z,2025-10-17T21:04:24.839Z,
カイゼンベース 料金|カイゼンベース,https://digi-mado.jp/products/38504/,,8,2025-10-15T21:08:18.260Z,2025-10-17T21:04:24.839Z,
コストリダクション|コストリダクション 意味|コストリダクションとは,https://digi-mado.jp/article/87461/,,8,2025-10-15T07:58:02.101Z,2025-10-17T21:04:24.839Z,
受注とは|受注 契約|受注 意味|受注意思,https://digi-mado.jp/article/61248/,,8,2025-10-15T07:58:02.101Z,2025-10-17T21:04:24.839Z,
数値目標とは|目標 数値化|目標 数値化 コツ,https://digi-mado.jp/article/78885/,,8,2025-10-15T07:58:02.101Z,2025-10-17T21:04:24.839Z,
maps for clinic 使い方|maps for clinic|maps for clinic 評判|maps カルテ|maps 電子カルテ 評判,https://digi-mado.jp/products/68381/,,8,2025-10-15T21:08:18.260Z,2025-10-17T21:04:24.839Z,
オンライン学習プラットフォーム|オンライン教育プラットフォーム|オンライン講座 プラットフォーム|オンライン講座プラットフォーム|学習プラットフォームとは,https://digi-mado.jp/article/100813/,,8,2025-10-15T07:58:02.101Z,2025-10-17T21:04:24.839Z,
休出|休出とは|休出 意味|休出 読み方,https://digi-mado.jp/article/62167/,,8,2025-10-15T07:58:02.101Z,2025-10-17T21:04:24.839Z,
itsm ツール|itsmツール|itsmツール 一覧|itsm,https://digi-mado.jp/article/100336/,,8,2025-10-15T07:58:02.101Z,2025-10-17T21:04:24.839Z,
ネットワークエラー|ネットワークエラーとは|ネットワーク エラー|ネットワークエラー 現在|ネットワーク接続できない,https://digi-mado.jp/article/61077/,,8,2025-10-15T07:58:02.101Z,2025-10-17T21:04:24.839Z,
onetrust|onetrust 料金|gartner onetrust|one trust|one trust とは|onetrust price,https://digi-mado.jp/article/107815/,,8,2025-10-17T21:04:24.839Z,2025-10-17T21:04:24.839Z,🆕
技術力|技術力とは|技術力向上 取り組み|技術力の向上|技術力向上,https://digi-mado.jp/article/62344/,,8,2025-10-15T07:58:02.101Z,2025-10-17T21:04:24.839Z,
執行役員になったら,https://digi-mado.jp/article/62141/,,7,2025-10-15T07:58:02.101Z,2025-10-17T21:04:24.839Z,
電子名刺,https://digi-mado.jp/article/64641/,,7,2025-10-15T07:58:02.101Z,2025-10-17T21:04:24.839Z,
box 文書管理|box 機能,https://digi-mado.jp/article/76589/,,7,2025-10-15T07:58:02.101Z,2025-10-17T21:04:24.839Z,
cookiebot|cookiebot 料金,https://digi-mado.jp/products/78814/,,7,2025-10-15T21:08:18.260Z,2025-10-17T21:04:24.839Z,
eラーニングシステム 比較|e ラーニングシステム|eラーニング 比較,https://digi-mado.jp/category/recruitment-and-organization/e-learning-system/,,7,2025-10-15T07:58:02.101Z,2025-10-17T21:04:24.839Z,
読取革命 無料|ai ocr フリー|ai-ocr 無料,https://digi-mado.jp/article/62929/,,7,2025-10-15T07:58:02.101Z,2025-10-17T21:04:24.839Z,
powerquery|power query ロゴ|powerquey,https://digi-mado.jp/products/82366/,,7,2025-10-15T21:08:18.260Z,2025-10-17T21:04:24.839Z,
ロイロノート 価格|ロイロノート 使用料|ロイロノート 料金|ロイロノート 金額,https://digi-mado.jp/products/106835/,,7,2025-10-15T21:08:18.260Z,2025-10-17T21:04:24.839Z,
請求書 管理表 テンプレート|請求書管理 エクセルテンプレート|請求書管理表,https://digi-mado.jp/article/64620/,,7,2025-10-15T07:58:02.101Z,2025-10-17T21:04:24.839Z,
グループマネージャー|グループマネージャー 役職|group manager|グループマネージャーとは,https://digi-mado.jp/article/61947/,,7,2025-10-16T21:10:05.258Z,2025-10-17T21:04:24.839Z,
月給制 欠勤|月給とは 欠勤|月給 欠勤した場合|病欠 給料 正社員,https://digi-mado.jp/article/62160/,,7,2025-10-17T21:04:24.839Z,2025-10-17T21:04:24.839Z,🆕
楽楽明細 料金|楽々明細|楽楽明細 口コミ|楽楽明細 費用|楽楽請求 料金,https://digi-mado.jp/article/108458/,,7,2025-10-16T21:10:05.258Z,2025-10-17T21:04:24.839Z,
歩留まり 計算 アプリ|歩留まり計算 アプリ|米 歩留まり 計算,https://digi-mado.jp/article/61239/,,7,2025-10-15T07:58:02.101Z,2025-10-17T21:04:24.839Z,
購買管理システム 比較|購買システム ランキング|購買システム パッケージ|購買管理システム ランキング,https://digi-mado.jp/category/back-office/purchasing-management-system/,,7,2025-10-15T07:58:02.101Z,2025-10-17T21:04:24.839Z,
abテスト ツール 無料|ab テスト ツール 無料|abテスト ツール|abテスト 無料|abテストツール|abテストツール 無料,https://digi-mado.jp/article/88900/,,7,2025-10-15T07:58:02.101Z,2025-10-17T21:04:24.839Z,
ストレスチェック アプリ|ストレスチェック web 無料|ストレスチェック アプリ おすすめ|ストレスチェック 比較|ストレスチェック 無料|ストレスチェック 無料アプリ,https://digi-mado.jp/article/89967/,,7,2025-10-16T21:10:05.258Z,2025-10-17T21:04:24.839Z,
名刺アプリ 無料|eight 名刺 無料|eight 無料|sansan 無料|名刺アプリ 無料 おすすめ|無料名刺管理アプリ,https://digi-mado.jp/products/65487/,,7,2025-10-16T21:10:05.258Z,2025-10-17T21:04:24.839Z,
標的型メール訓練サービス|メール訓練サービス|メール訓練サービス 比較|標的型メール訓練サービス 比較|標的型攻撃メール訓練 比較|標的型攻撃メール訓練サービス 比較,https://digi-mado.jp/article/88497/,,7,2025-10-15T21:08:18.260Z,2025-10-17T21:04:24.839Z,
脆弱性診断ツール 一覧|nessus essentials 商用利用|web 脆弱性診断 ツール|スマホアプリ 脆弱性診断 ツール 無料|脆弱性スキャンツール|脆弱性診断ツール 比較,https://digi-mado.jp/category/information-system/vulnerability-assessment-tool/,,7,2025-10-15T07:58:02.101Z,2025-10-17T21:04:24.839Z,
surfer ai,https://digi-mado.jp/products/31587/,,6,2025-10-15T21:08:18.260Z,2025-10-17T21:04:24.839Z,
クラウドリーガル,https://digi-mado.jp/products/97285/,,6,2025-10-17T21:04:24.839Z,2025-10-17T21:04:24.839Z,🆕
デジタル化の窓口,https://digi-mado.jp/category/,,6,2025-10-17T21:04:24.839Z,2025-10-17T21:04:24.839Z,🆕
ccx social|ccx social 評判,https://digi-mado.jp/products/83193/,,6,2025-10-17T21:04:24.839Z,2025-10-17T21:04:24.839Z,🆕